Good Guy ID,Bank,Defense Level,Strategy,Last Action,Attack Count,Turns
0,28.0,397,analyst,defense,11,400
1,1760.0,197,random,defense,621,400
2,10.0,0,copycat,money,1873,400
3,1330.0,267,two_one_two,defense,8,400
4,1330.0,267,two_one_two,defense,5,400
5,20.0,398,be_strongest,defense,4,400
6,28.0,397,analyst,defense,7,400
7,25.2,397,analyst,defense,4,400
8,8.0,399,late_planner,defense,5,400
9,1430.0,133,one_two_one,money,5,400
10,10.0,399,be_strongest,defense,6,400
11,750.0,133,one_two_one,money,8,400
12,8.0,399,late_planner,defense,8,400
13,8.0,399,late_planner,defense,3,400
14,1290.0,1,copycat,money,114,400
15,2016.8,181,random,defense,38,400
16,2016.4,194,random,money,4,400
17,220.0,133,one_two_one,money,8,400
18,0.0,1,copycat,defense,336,400
19,1848.8,207,random,money,6,400
20,10.0,399,be_strongest,defense,5,400
21,28.0,397,analyst,defense,3,400
22,10.0,0,copycat,money,286,400
23,850.0,133,one_two_one,money,84,400
24,8.0,399,late_planner,defense,3,400
25,430.0,133,one_two_one,money,43,400
26,10.0,399,be_strongest,defense,5,400
27,210.0,1,not_weakest,money,134,400
28,10.0,0,copycat,money,352,400
29,8.0,399,late_planner,defense,4,400
30,1633.0,201,random,money,41,400
31,28.0,397,analyst,defense,4,400
32,10.0,399,be_strongest,defense,5,400
33,1330.0,267,two_one_two,defense,7,400
34,1330.0,267,two_one_two,defense,5,400
35,10.0,399,be_strongest,defense,5,400
36,10.0,399,be_strongest,defense,2,400
37,270.0,1,not_weakest,money,99,400
38,10.0,1,copycat,money,121,400
39,1330.0,267,two_one_two,defense,2,400
40,28.0,397,analyst,defense,3,400
41,1330.0,267,two_one_two,defense,9,400
42,8.0,399,late_planner,defense,8,400
43,1938.0,206,random,money,9,400
44,270.0,187,random,money,138,400
45,10.0,0,copycat,money,250,400
46,470.0,1,copycat,money,160,400
47,28.0,397,analyst,defense,6,400
48,10.0,399,be_strongest,defense,2,400
49,450.0,1,not_weakest,money,104,400
50,1412.8,193,random,money,2,400
51,28.0,397,analyst,defense,10,400
52,1766.4,214,random,money,2,400
53,10.0,0,copycat,money,316,400
54,28.0,397,analyst,defense,10,400
55,1330.0,267,two_one_two,defense,6,400
56,300.4,196,random,defense,11,400
57,10.0,399,be_strongest,defense,4,400
58,10.0,0,copycat,money,207,400
59,1848.0,213,random,defense,5,400
60,10.0,399,be_strongest,defense,7,400
61,28.0,397,analyst,defense,3,400
62,8.0,399,late_planner,defense,10,400
63,490.0,133,one_two_one,money,31,400
64,28.0,397,analyst,defense,12,400
65,10.0,399,be_strongest,defense,5,400
66,852.5,204,random,money,4,400
67,10.0,0,copycat,money,220,400
68,1068.248,204,random,defense,5,400
69,440.0,1,not_weakest,money,67,400
70,28.0,397,analyst,defense,5,400
71,1330.0,267,two_one_two,defense,6,400
72,1330.0,267,two_one_two,defense,3,400
73,1400.0,1,not_weakest,money,74,400
74,1330.0,267,two_one_two,defense,5,400
75,1174.8,208,random,defense,6,400
76,1352.7992,202,random,money,5,400
77,8.0,399,late_planner,defense,5,400
78,28.0,397,analyst,defense,4,400
79,1330.0,267,two_one_two,defense,3,400
80,1630.0,1,not_weakest,money,34,400
81,10.0,399,be_strongest,defense,5,400
82,690.0,1,not_weakest,money,113,400
83,28.0,397,analyst,defense,10,400
84,356.0,189,random,money,10,400
85,1998.0,200,random,defense,4,400
86,1569.2,191,random,defense,2,400
87,28.0,397,analyst,defense,7,400
88,0.0,1,not_weakest,money,43,400
89,2160.0,1,not_weakest,money,55,400
90,110.0,1,not_weakest,money,60,400
91,300.0,1,not_weakest,money,23,400
92,340.0,198,random,money,84,400
93,10.0,399,be_strongest,defense,6,400
94,8.0,399,late_planner,defense,5,400
95,6.4,399,late_planner,defense,356,400
96,350.0,1,not_weakest,money,48,400
97,10.0,399,be_strongest,defense,2,400
98,1650.0,1,not_weakest,money,68,400
99,28.0,397,analyst,defense,5,400
100,10.0,0,copycat,money,225,400
101,10.0,0,copycat,money,282,400
102,30.0,133,one_two_one,money,6,400
103,660.0,1,not_weakest,money,102,400
104,1330.0,267,two_one_two,defense,3,400
105,130.0,1,not_weakest,money,60,400
106,330.0,1,not_weakest,money,9,400
107,8.0,399,late_planner,defense,4,400
108,10.0,399,be_strongest,defense,7,400
109,28.0,397,analyst,defense,3,400
110,10.0,0,copycat,money,251,400
111,1139.34,188,random,defense,6,400
112,10.0,399,be_strongest,defense,5,400
113,28.0,397,analyst,defense,11,400
114,28.0,397,analyst,defense,5,400
115,10.0,399,be_strongest,defense,4,400
116,1240.0,1,not_weakest,money,44,400
117,2104.0,186,random,money,927,400
118,10.0,0,copycat,money,197,400
119,90.0,133,one_two_one,money,37,400
120,28.0,397,analyst,defense,5,400
121,80.0,1,not_weakest,money,140,400
122,2000.0,200,random,defense,3,400
123,10.0,0,copycat,money,250,400
124,0.0,0,copycat,money,214,400
125,28.0,397,analyst,defense,5,400
126,1330.0,267,two_one_two,defense,5,400
127,447.0,192,random,money,2,400
128,650.0,1,copycat,money,164,400
129,1330.0,267,two_one_two,defense,3,400
130,153.0,205,random,defense,28,400
131,28.0,397,analyst,defense,5,400
132,10.0,399,be_strongest,defense,5,400
133,1760.0,1,not_weakest,money,30,400
134,480.0,133,one_two_one,money,30,400
135,140.0,196,random,money,23,400
136,10.0,0,copycat,money,274,400
137,7.2,399,late_planner,defense,7,400
138,28.0,397,analyst,defense,4,400
139,28.0,397,analyst,defense,6,400
140,290.0,198,random,money,47,400
141,28.0,397,analyst,defense,10,400
142,649.4000000000001,201,random,money,5,400
143,1330.0,267,two_one_two,defense,5,400
144,10.0,0,copycat,money,283,400
145,20.0,0,copycat,money,371,400
146,28.0,397,analyst,defense,8,400
147,10.0,399,be_strongest,defense,2,400
148,1753.376,200,random,money,6,400
149,1330.0,267,two_one_two,defense,5,400
150,390.0,1,not_weakest,money,43,400
151,8.0,399,late_planner,defense,8,400
152,1200.0,1,not_weakest,money,32,400
153,1330.0,267,two_one_two,defense,6,400
154,250.0,133,one_two_one,money,22,400
155,28.0,397,analyst,defense,6,400
156,28.0,397,analyst,defense,2,400
157,1330.0,267,two_one_two,defense,2,400
158,1556.0,194,random,defense,5,400
159,10.0,0,copycat,money,447,400
160,0.0,133,one_two_one,money,30,400
161,1330.0,267,two_one_two,defense,5,400
162,900.0,1,not_weakest,money,41,400
163,390.0,183,random,money,162,400
164,1310.437,200,random,defense,6,400
165,8.0,399,late_planner,defense,10,400
166,8.0,399,late_planner,defense,4,400
167,8.0,399,late_planner,defense,2,400
168,1200.0,133,one_two_one,money,17,400
169,1329.0,267,two_one_two,defense,4,400
170,370.0,133,one_two_one,money,25,400
171,80.0,190,random,money,222,400
172,130.0,198,random,defense,6,400
173,8.0,399,late_planner,defense,8,400
174,1974.0,196,random,defense,2,400
175,10.0,0,copycat,money,524,400
176,30.0,133,one_two_one,money,8,400
177,10.0,0,copycat,money,499,400
178,10.0,399,be_strongest,defense,4,400
179,8.0,399,late_planner,defense,4,400
180,8.0,399,late_planner,defense,3,400
181,8.0,399,late_planner,defense,2,400
182,1284.0,206,random,money,7,400
183,410.0,133,one_two_one,money,71,400
184,10.0,0,copycat,money,417,400
185,680.0,187,random,money,23,400
186,170.0,133,one_two_one,money,9,400
187,10,399,be_strongest,defense,0,400
188,10.0,399,be_strongest,defense,3,400
189,1330.0,267,two_one_two,defense,6,400
190,28.0,397,analyst,defense,5,400
191,1330.0,267,two_one_two,defense,3,400
192,28.0,397,analyst,defense,5,400
193,10.0,399,be_strongest,defense,3,400
194,10.0,0,copycat,money,431,400
195,7.2,399,late_planner,defense,10,400
196,160.0,1,not_weakest,money,28,400
197,8.0,399,late_planner,defense,7,400
198,10.0,0,copycat,money,329,400
199,10.0,399,be_strongest,defense,7,400
200,28.0,397,analyst,defense,8,400
201,290.0,1,not_weakest,money,8,400
202,8.0,399,late_planner,defense,6,400
203,600.0,1,not_weakest,money,7,400
204,8.0,399,late_planner,defense,7,400
205,28.0,397,analyst,defense,8,400
206,28.0,397,analyst,defense,4,400
207,30.0,1,not_weakest,money,25,400
208,110.0,1,copycat,money,17,400
209,28.0,397,analyst,defense,9,400
210,8.0,399,late_planner,defense,8,400
211,10.0,399,be_strongest,defense,3,400
212,8.0,399,late_planner,defense,5,400
213,1540.0,133,one_two_one,money,7,400
214,8.0,399,late_planner,defense,6,400
215,340.0,1,copycat,money,57,400
216,1330.0,267,two_one_two,defense,1,400
217,770.0,1,not_weakest,money,24,400
218,8.0,399,late_planner,defense,6,400
219,280.0,133,one_two_one,money,10,400
220,10.0,399,be_strongest,defense,6,400
221,1320.0,203,random,defense,5,400
222,28.0,397,analyst,defense,8,400
223,40.0,1,not_weakest,money,67,400
224,28.0,397,analyst,defense,2,400
225,28.0,397,analyst,defense,6,400
226,1480.0,1,not_weakest,money,12,400
227,70.0,1,not_weakest,money,15,400
228,28.0,397,analyst,defense,8,400
229,8.0,399,late_planner,defense,9,400
230,390.0,1,not_weakest,money,13,400
231,780.0,1,copycat,money,297,400
232,1330.0,267,two_one_two,defense,3,400
233,7.2,399,late_planner,defense,9,400
234,42.0,394,analyst,defense,3,400
235,10.0,399,be_strongest,defense,2,400
236,1349.9199999999998,198,random,money,3,400
237,110.0,1,not_weakest,money,42,400
238,42.0,394,analyst,defense,2,400
239,1842.8748799999998,133,one_two_one,money,6,400
240,1986.0,201,random,money,4,400
241,10.0,199,random,money,8,400
242,42.0,394,analyst,defense,4,400
243,16.0,398,late_planner,defense,6,400
244,16.0,398,late_planner,defense,6,400
245,650.0,183,random,money,5,400
246,760.0,202,random,money,33,400
247,10.0,399,be_strongest,defense,8,400
248,16.0,398,late_planner,defense,6,400
249,1920.0,133,one_two_one,money,4,400
250,16.0,398,late_planner,defense,8,400
251,690.0,1,not_weakest,money,12,400
252,1330.0,267,two_one_two,defense,8,400
253,240.0,133,one_two_one,money,34,400
254,16.0,398,late_planner,defense,4,400
255,10.0,0,copycat,money,166,400
256,16.0,398,late_planner,defense,2,400
257,16.0,398,late_planner,defense,7,400
258,42.0,394,analyst,defense,9,400
259,1330.0,267,two_one_two,defense,2,400
260,10.0,0,copycat,money,401,400
261,1050.0,1,not_weakest,money,29,400
262,10.0,399,be_strongest,defense,3,400
263,16.0,398,late_planner,defense,3,400
264,10.0,399,be_strongest,defense,8,400
265,1330.0,267,two_one_two,defense,6,400
266,710.0,133,one_two_one,money,103,400
267,1330.0,267,two_one_two,defense,6,400
268,30.0,395,analyst,defense,8,400
269,16.0,398,late_planner,defense,9,400
270,640.0,1,not_weakest,money,34,400
271,16.0,398,late_planner,defense,8,400
272,42.0,394,analyst,defense,7,400
273,1330.0,267,two_one_two,defense,1,400
274,530.0,1,copycat,money,114,400
275,240.0,133,one_two_one,money,52,400
276,720.0,1,not_weakest,money,13,400
277,16.0,398,late_planner,defense,6,400
278,1490.0,1,not_weakest,money,6,400
279,1240.0,1,not_weakest,money,8,400
280,1740.0,1,not_weakest,money,10,400
281,980.0,1,copycat,money,195,400
282,984.4,195,random,defense,14,400
283,1960.0,204,random,money,2,400
284,280.0,1,not_weakest,money,13,400
285,1330.0,267,two_one_two,defense,1,400
286,100.0,1,not_weakest,money,30,400
287,16.0,398,late_planner,defense,6,400
288,1326.0,267,two_one_two,defense,3,400
289,205.048,192,random,money,6,400
290,10.0,399,be_strongest,defense,6,400
291,16.0,398,late_planner,defense,5,400
292,790.0,133,one_two_one,money,31,400
293,1950.0,205,random,defense,3,400
294,1410.0,1,not_weakest,money,7,400
295,42.0,394,analyst,defense,6,400
296,10.0,399,be_strongest,defense,6,400
297,400.0,1,not_weakest,money,23,400
298,450.0,133,one_two_one,money,15,400
299,1330.0,267,two_one_two,defense,8,400
300,260.0,1,not_weakest,money,19,400
301,670.0,133,one_two_one,money,8,400
302,42.0,394,analyst,defense,4,400
303,1330.0,267,two_one_two,defense,2,400
304,42.0,394,analyst,defense,3,400
305,1330.0,267,two_one_two,defense,5,400
306,16.0,398,late_planner,defense,4,400
307,10.0,399,be_strongest,defense,4,400
308,16.0,398,late_planner,defense,9,400
309,384.5367999999999,193,random,defense,5,400
310,1330.0,267,two_one_two,defense,8,400
311,260.0,133,one_two_one,money,11,400
312,490.0,133,one_two_one,money,7,400
313,360.0,1,not_weakest,money,19,400
314,16.0,398,late_planner,defense,3,400
315,1330.0,267,two_one_two,defense,2,400
316,150.0,133,one_two_one,money,8,400
317,480.0,1,not_weakest,money,29,400
318,16.0,398,late_planner,defense,6,400
319,42.0,394,analyst,defense,10,400
320,42.0,394,analyst,defense,6,400
321,10.0,0,copycat,money,248,400
322,16.0,398,late_planner,defense,6,400
323,42.0,394,analyst,defense,10,400
324,1608.0,208,random,money,6,400
325,10.0,399,be_strongest,defense,5,400
326,14.4,398,late_planner,defense,7,400
327,90.0,133,one_two_one,money,9,400
328,150.0,133,one_two_one,money,8,400
329,120.0,133,one_two_one,money,18,400
330,10.0,0,copycat,money,285,400
331,190.0,133,one_two_one,money,9,400
332,29.0,397,analyst,defense,3,400
333,10.0,399,be_strongest,defense,4,400
334,16.0,398,late_planner,defense,5,400
335,10.0,399,be_strongest,defense,8,400
336,42.0,394,analyst,defense,5,400
337,24.0,396,analyst,defense,4,400
338,1330.0,267,two_one_two,defense,8,400
339,300.0,1,not_weakest,money,28,400
340,10.0,399,be_strongest,defense,3,400
341,10.0,0,copycat,money,178,400
342,11.2,398,late_planner,defense,11,400
343,100.0,191,random,defense,25,400
344,1497.5,212,random,defense,3,400
345,1330.0,267,two_one_two,defense,6,400
346,310.0,197,random,money,6,400
347,10.0,399,be_strongest,defense,6,400
348,1330.0,267,two_one_two,defense,2,400
349,10.0,399,be_strongest,defense,7,400
350,16.0,398,late_planner,defense,5,400
351,16.0,398,late_planner,defense,4,400
352,1720.0,1,copycat,money,62,400
353,28.0,397,analyst,defense,5,400
354,42.0,394,analyst,defense,3,400
355,42.0,394,analyst,defense,8,400
356,670.0,1,not_weakest,money,11,400
357,10.0,0,copycat,money,300,400
358,10.0,399,be_strongest,defense,5,400
359,1330.0,267,two_one_two,defense,6,400
360,10.0,399,be_strongest,defense,2,400
361,150.0,1,not_weakest,money,9,400
362,10.0,399,be_strongest,defense,5,400
363,1330.0,267,two_one_two,defense,7,400
364,1870.0,213,random,money,3,400
365,450.0,133,one_two_one,money,7,400
366,1470.0,1,not_weakest,money,6,400
367,570.0,133,one_two_one,money,38,400
368,40.0,133,one_two_one,money,18,400
369,10.0,0,copycat,money,197,400
370,850.0,1,not_weakest,money,9,400
371,10.0,0,copycat,money,202,400
372,42.0,394,analyst,defense,6,400
373,16.0,398,late_planner,defense,5,400
374,1012.745856,220,random,money,9,400
375,16.0,398,late_planner,defense,7,400
376,160.0,1,not_weakest,money,11,400
377,1330.0,267,two_one_two,defense,6,400
378,120.0,1,not_weakest,money,9,400
379,690.0,1,not_weakest,money,46,400
380,10.0,399,be_strongest,defense,4,400
381,1950.0,1,not_weakest,money,8,400
382,1330.0,267,two_one_two,defense,5,400
383,70.0,133,one_two_one,money,27,400
384,100.0,133,one_two_one,money,7,400
385,10.0,399,be_strongest,defense,6,400
386,1390.0,133,one_two_one,money,10,400
387,16.0,398,late_planner,defense,4,400
388,42.0,394,analyst,defense,10,400
389,10.0,399,be_strongest,defense,6,400
390,10.0,399,be_strongest,defense,7,400
391,440.0,133,one_two_one,money,10,400
392,42.0,394,analyst,defense,7,400
393,10.0,0,copycat,money,301,400
394,540.0,1,not_weakest,money,71,400
395,16.0,398,late_planner,defense,10,400
396,640.0,1,not_weakest,money,11,400
397,42.0,394,analyst,defense,3,400
398,42.0,394,analyst,defense,3,400
399,1330.0,267,two_one_two,defense,2,400
400,14.4,398,late_planner,defense,8,400
401,720.0,1,not_weakest,money,10,400
402,16.0,398,late_planner,defense,6,400
403,16.0,398,late_planner,defense,4,400
404,2150.0,1,not_weakest,money,6,400
405,16.0,398,late_planner,defense,4,400
406,42.0,394,analyst,defense,7,400
407,50.0,1,not_weakest,money,18,400
408,1085.9199999999998,201,random,defense,7,400
409,120.0,200,random,defense,309,400
410,1330.0,267,two_one_two,defense,1,400
411,1000.0,1,not_weakest,money,9,400
412,49.0,393,analyst,defense,5,400
413,49.0,393,analyst,defense,2,400
414,210.0,193,random,defense,6,400
415,1310.0,1,not_weakest,money,8,400
416,320.0,192,random,money,9,400
417,90.0,1,copycat,money,103,400
418,440.0,133,one_two_one,money,9,400
419,480.0,133,one_two_one,money,9,400
420,1330.0,267,two_one_two,defense,8,400
421,1330.0,267,two_one_two,defense,7,400
422,570.0,1,not_weakest,money,9,400
423,290.0,179,random,defense,3,400
424,230.0,133,one_two_one,money,10,400
425,14.4,398,late_planner,defense,6,400
426,1330.0,267,two_one_two,defense,3,400
427,49.0,393,analyst,defense,4,400
428,1921.0,204,random,defense,7,400
429,260.0,1,copycat,money,122,400
430,1190.0,180,random,defense,66,400
431,10.0,399,be_strongest,defense,4,400
432,10.0,399,be_strongest,defense,5,400
433,190.0,1,not_weakest,money,9,400
434,1330.0,267,two_one_two,defense,9,400
435,49.0,393,analyst,defense,5,400
436,1330.0,267,two_one_two,defense,7,400
437,10.0,399,be_strongest,defense,5,400
438,590.0,215,random,defense,5,400
439,16.0,398,late_planner,defense,3,400
440,10.0,399,be_strongest,defense,2,400
441,1328.0,267,two_one_two,defense,4,400
442,260.0,133,one_two_one,money,31,400
443,16.0,398,late_planner,defense,6,400
444,10.0,0,copycat,money,156,400
445,1330.0,267,two_one_two,defense,8,400
446,49.0,393,analyst,defense,6,400
447,1330.0,267,two_one_two,defense,8,400
448,70.0,133,one_two_one,money,14,400
449,150.0,133,one_two_one,money,13,400
450,16.0,398,late_planner,defense,6,400
451,49.0,393,analyst,defense,4,400
452,49.0,393,analyst,defense,2,400
453,1842.05568,133,one_two_one,money,6,400
454,1330.0,267,two_one_two,defense,9,400
455,44.1,393,analyst,defense,6,400
456,10.0,0,copycat,money,151,400
457,10.0,399,be_strongest,defense,7,400
458,1330,267,two_one_two,defense,0,400
459,49.0,393,analyst,defense,6,400
460,660.0,133,one_two_one,money,5,400
461,16.0,398,late_planner,defense,4,400
462,10.0,399,be_strongest,defense,7,400
463,8.0,399,late_planner,defense,6,400
464,39.2,393,analyst,defense,6,400
465,1386.0,214,random,money,3,400
466,10.0,0,copycat,money,212,400
467,1790.0,1,not_weakest,money,12,400
468,28.0,397,analyst,defense,4,400
469,10.0,399,be_strongest,defense,6,400
470,16.0,398,late_planner,defense,3,400
471,20.0,133,one_two_one,money,8,400
472,1330.0,267,two_one_two,defense,6,400
473,10.0,0,copycat,money,216,400
474,10.0,399,be_strongest,defense,4,400
475,190.0,1,not_weakest,money,49,400
476,1330.0,267,two_one_two,defense,1,400
477,490.0,191,random,money,7,400
478,49.0,393,analyst,defense,9,400
479,49.0,393,analyst,defense,8,400
480,10.0,399,be_strongest,defense,2,400
481,49.0,393,analyst,defense,3,400
482,10.0,399,be_strongest,defense,7,400
483,10.0,399,be_strongest,defense,2,400
484,1670.0,1,not_weakest,money,9,400
485,20.0,0,copycat,money,152,400
486,1160.0,133,one_two_one,money,5,400
487,1330.0,267,two_one_two,defense,5,400
488,580.0,133,one_two_one,money,11,400
489,21.0,397,late_planner,defense,2,400
490,200.0,133,one_two_one,money,6,400
491,27.782999999999998,393,analyst,defense,9,400
492,21.0,397,late_planner,defense,6,400
493,21.0,397,late_planner,defense,4,400
494,900.0,133,one_two_one,money,13,400
495,10.0,399,be_strongest,defense,5,400
496,10.0,399,be_strongest,defense,4,400
497,20.0,0,copycat,money,198,400
498,1324.0,267,two_one_two,defense,8,400
499,1330.0,267,two_one_two,defense,1,400
500,0.0,0,copycat,money,188,400
501,10.0,399,be_strongest,defense,4,400
502,49.0,393,analyst,defense,4,400
503,1330.0,267,two_one_two,defense,8,400
504,1330.0,267,two_one_two,defense,2,400
505,820.0,133,one_two_one,money,6,400
506,190.0,1,not_weakest,money,15,400
507,49.0,393,analyst,defense,8,400
508,280.0,133,one_two_one,money,8,400
509,210.0,133,one_two_one,money,7,400
510,21.0,397,late_planner,defense,6,400
511,752.0,188,random,money,5,400
512,90.0,133,one_two_one,money,31,400
513,180.0,1,not_weakest,money,34,400
514,1330.0,267,two_one_two,defense,3,400
515,1330.0,267,two_one_two,defense,3,400
516,490.0,133,one_two_one,money,8,400
517,10.0,399,be_strongest,defense,5,400
518,10.0,399,be_strongest,defense,4,400
519,1330.0,267,two_one_two,defense,7,400
520,1392.0,222,random,defense,2,400
521,1920.0,208,random,money,3,400
522,1333.616,209,random,defense,8,400
523,930.0,133,one_two_one,money,9,400
524,230.0,1,not_weakest,money,22,400
525,0.0,0,copycat,money,170,400
526,49.0,393,analyst,defense,7,400
527,329.9999999999998,196,random,money,2,400
528,1930.0,1,not_weakest,money,8,400
529,420.0,1,not_weakest,money,9,400
530,10.0,399,be_strongest,defense,1,400
531,1330.0,267,two_one_two,defense,3,400
532,21.0,397,late_planner,defense,7,400
533,49.0,393,analyst,defense,4,400
534,1330.0,267,two_one_two,defense,3,400
535,21.0,397,late_planner,defense,4,400
536,10.0,399,be_strongest,defense,3,400
537,10.0,399,be_strongest,defense,5,400
538,10.0,399,be_strongest,defense,9,400
539,0.0,0,copycat,money,137,400
540,1330.0,267,two_one_two,defense,3,400
541,230.0,133,one_two_one,money,8,400
542,49.0,393,analyst,defense,3,400
543,49.0,393,analyst,defense,5,400
544,2190.0,1,not_weakest,money,9,400
545,50.0,133,one_two_one,money,9,400
546,210.0,1,not_weakest,money,12,400
547,1660.0,133,one_two_one,money,6,400
548,10.0,399,be_strongest,defense,2,400
549,40.0,1,not_weakest,money,10,400
550,110.0,133,one_two_one,money,8,400
551,70.0,133,one_two_one,money,6,400
552,90.0,1,not_weakest,money,8,400
553,180.0,1,not_weakest,money,11,400
554,230.0,187,random,money,6,400
555,1330.0,267,two_one_two,defense,9,400
556,1868.0,212,random,defense,4,400
557,200.0,1,not_weakest,money,15,400
558,49.0,393,analyst,defense,5,400
559,21.0,397,late_planner,defense,9,400
560,1910.0,133,one_two_one,money,5,400
561,1321.0,267,two_one_two,defense,7,400
562,10.0,399,be_strongest,defense,1,400
563,0.0,0,copycat,money,135,400
564,710.0,133,one_two_one,money,7,400
565,550.0,133,one_two_one,money,9,400
566,1330.0,267,two_one_two,defense,4,400
567,49.0,393,analyst,defense,7,400
568,0.0,0,copycat,money,141,400
569,21.0,397,late_planner,defense,2,400
570,49.0,393,analyst,defense,5,400
571,21.0,397,late_planner,defense,7,400
572,10.0,399,be_strongest,defense,4,400
573,130.0,1,not_weakest,money,12,400
574,1360.0,1,not_weakest,money,8,400
575,20.0,0,copycat,money,137,400
576,1329.0,267,two_one_two,defense,10,400
577,21.0,397,late_planner,defense,9,400
578,80.0,193,random,defense,12,400
579,390.0,199,random,defense,83,400
580,950.0,1,not_weakest,money,9,400
581,0.0,1,not_weakest,money,8,400
582,49.0,393,analyst,defense,7,400
583,1220.0,133,one_two_one,money,4,400
584,100.0,1,not_weakest,money,15,400
585,690.0,133,one_two_one,money,8,400
586,1330.0,267,two_one_two,defense,6,400
587,20.0,0,copycat,money,150,400
588,770.0,133,one_two_one,money,10,400
589,49.0,393,analyst,defense,5,400
590,21.0,397,late_planner,defense,8,400
591,540.0,1,not_weakest,money,9,400
592,1330.0,267,two_one_two,defense,5,400
593,1330.0,267,two_one_two,defense,5,400
594,1060.0,1,not_weakest,money,12,400
595,1330.0,267,two_one_two,defense,2,400
596,1330.0,267,two_one_two,defense,5,400
597,200.0,1,not_weakest,money,10,400
598,21.0,397,late_planner,defense,7,400
599,1310.0,133,one_two_one,money,9,400
600,14.0,398,late_planner,defense,4,400
601,1330.0,267,two_one_two,defense,7,400
602,2060.0,194,random,defense,2,400
603,0.0,0,copycat,money,136,400
604,440.0,1,not_weakest,money,14,400
605,16.8,397,late_planner,defense,6,400
606,0.0,0,copycat,money,227,400
607,1330.0,267,two_one_two,defense,5,400
608,950.0,1,not_weakest,money,11,400
609,1001.5999999999999,200,random,money,5,400
610,10.0,399,be_strongest,defense,6,400
611,0.0,0,copycat,money,154,400
612,1330.0,267,two_one_two,defense,9,400
613,2200.0,180,random,defense,11292,400
614,750.0,1,not_weakest,money,8,400
615,21.0,397,late_planner,defense,5,400
616,0.0,0,copycat,money,134,400
617,320.0,133,one_two_one,money,8,400
618,49.0,393,analyst,defense,7,400
619,1510.0,1,not_weakest,money,8,400
620,1338.0,206,random,defense,7,400
621,10.0,399,be_strongest,defense,7,400
622,49.0,393,analyst,defense,6,400
623,10.0,399,be_strongest,defense,3,400
624,49.0,393,analyst,defense,4,400
625,780.0,204,random,defense,6,400
626,1330.0,267,two_one_two,defense,7,400
627,410.0,133,one_two_one,money,6,400
628,20.0,0,copycat,money,140,400
629,60.0,187,random,defense,8,400
630,490.0,188,random,money,995,400
631,21.0,397,late_planner,defense,2,400
632,21.0,397,late_planner,defense,5,400
633,21.0,397,late_planner,defense,5,400
634,190.0,1,copycat,money,117,400
635,10.0,399,be_strongest,defense,3,400
636,1181.75,203,random,money,6,400
637,1330.0,267,two_one_two,defense,3,400
638,0.0,0,copycat,money,154,400
639,770.0,1,not_weakest,money,17,400
640,10.0,399,be_strongest,defense,1,400
641,1270.0,201,random,defense,9,400
642,1325.2,267,two_one_two,defense,7,400
643,49.0,393,analyst,defense,4,400
644,21.0,397,late_planner,defense,7,400
645,21.0,397,late_planner,defense,5,400
646,10,399,be_strongest,defense,0,400
647,300.0,133,one_two_one,money,9,400
648,21.0,397,late_planner,defense,4,400
649,1330.0,267,two_one_two,defense,3,400
650,0.0,0,copycat,money,140,400
651,450.0,1,not_weakest,money,11,400
652,10.0,399,be_strongest,defense,3,400
653,220.0,133,one_two_one,money,9,400
654,21.0,397,late_planner,defense,6,400
655,21.0,397,late_planner,defense,7,400
656,390.0,194,random,defense,6,400
657,290.0,203,random,money,5,400
658,21.0,397,late_planner,defense,4,400
659,49.0,393,analyst,defense,6,400
660,1330.0,267,two_one_two,defense,4,400
661,1330.0,267,two_one_two,defense,7,400
662,0.0,0,copycat,money,135,400
663,0.0,0,copycat,money,177,400
664,1330.0,267,two_one_two,defense,7,400
665,49.0,393,analyst,defense,7,400
666,10.0,399,be_strongest,defense,5,400
667,10.0,399,be_strongest,defense,3,400
668,1126.0,189,random,defense,6,400
669,1537.0,204,random,money,4,400
670,920.0,133,one_two_one,money,8,400
671,22.4,396,late_planner,defense,5,400
672,230.0,133,one_two_one,money,5,400
673,1330.0,267,two_one_two,defense,9,400
674,10.0,399,be_strongest,defense,7,400
675,20.0,0,copycat,money,135,400
676,1900.0,210,random,money,3,400
677,10.0,399,be_strongest,defense,4,400
678,70.0,133,one_two_one,money,5,400
679,54.0,391,analyst,defense,4,400
680,1220.0,1,copycat,money,74,400
681,1330.0,267,two_one_two,defense,9,400
682,1330.0,267,two_one_two,defense,2,400
683,1670.0,1,not_weakest,money,7,400
684,70.0,1,not_weakest,money,9,400
685,830.0,196,random,money,9,400
686,54.0,391,analyst,defense,4,400
687,1670.0,195,random,money,2,400
688,1110.0,1,not_weakest,money,7,400
689,370.0,1,not_weakest,money,11,400
690,28.0,396,late_planner,defense,5,400
691,10.0,399,be_strongest,defense,2,400
692,20.0,0,copycat,money,137,400
693,1330.0,267,two_one_two,defense,2,400
694,10.0,399,be_strongest,defense,4,400
695,110.0,186,random,defense,15,400
696,1330.0,267,two_one_two,defense,4,400
697,0.0,187,random,defense,9,400
698,28.0,396,late_planner,defense,9,400
699,900.0,1,not_weakest,money,7,400
700,28.0,396,late_planner,defense,8,400
701,20.0,0,copycat,money,136,400
702,0.0,0,copycat,money,136,400
703,54.0,391,analyst,defense,6,400
704,27.0,391,analyst,defense,4,400
705,54.0,391,analyst,defense,6,400
706,10.0,399,be_strongest,defense,4,400
707,20.0,0,copycat,money,141,400
708,220.0,1,not_weakest,money,9,400
709,1330.0,267,two_one_two,defense,3,400
710,190.0,189,random,defense,10,400
711,710.0,133,one_two_one,money,8,400
712,610.0,184,random,defense,7,400
713,8.0,399,late_planner,defense,6,400
714,1330.0,267,two_one_two,defense,4,400
715,1330.0,267,two_one_two,defense,1,400
716,54.0,391,analyst,defense,6,400
717,28.0,396,late_planner,defense,9,400
718,28.0,396,late_planner,defense,5,400
719,470.0,1,not_weakest,money,10,400
720,1294.0,267,two_one_two,defense,5,400
721,54.0,391,analyst,defense,9,400
722,1820.0,133,one_two_one,money,6,400
723,1330.0,267,two_one_two,defense,4,400
724,630.0,1,not_weakest,money,9,400
725,1330.0,267,two_one_two,defense,4,400
726,28.0,396,late_planner,defense,9,400
727,54.0,391,analyst,defense,6,400
728,0.0,0,copycat,money,137,400
729,10.0,399,be_strongest,defense,1,400
730,690.0,133,one_two_one,money,5,400
731,10.0,399,be_strongest,defense,6,400
732,22.4,396,late_planner,defense,12,400
733,970.0,1,not_weakest,money,6,400
734,10.0,399,be_strongest,defense,8,400
735,1330.0,267,two_one_two,defense,3,400
736,20.0,1,not_weakest,money,11,400
737,440.0,1,not_weakest,money,10,400
738,1330.0,267,two_one_two,defense,3,400
739,54.0,391,analyst,defense,3,400
740,160.0,1,not_weakest,money,27,400
741,10.0,399,be_strongest,defense,3,400
742,28.0,396,late_planner,defense,8,400
743,280.0,1,not_weakest,money,9,400
744,54.0,391,analyst,defense,9,400
745,1046.3999999999999,207,random,defense,8,400
746,1018.0,205,random,money,6,400
747,540.0,2,copycat,money,16,400
748,54.0,391,analyst,defense,8,400
749,35.0,395,analyst,defense,2,400
750,28.0,396,late_planner,defense,7,400
751,20.0,0,copycat,money,133,400
752,54.0,391,analyst,defense,5,400
753,1330.0,267,two_one_two,defense,6,400
754,0.0,0,copycat,money,135,400
755,460.0,1,not_weakest,money,11,400
756,750.0,133,one_two_one,money,8,400
757,1290.0,1,not_weakest,money,7,400
758,1780.0,222,random,defense,6,400
759,54.0,391,analyst,defense,8,400
760,1330.0,267,two_one_two,defense,6,400
761,28.0,396,late_planner,defense,1,400
762,1326.0,267,two_one_two,defense,10,400
763,450.0,1,not_weakest,money,11,400
764,28.0,396,late_planner,defense,5,400
765,1857.0,205,random,defense,2,400
766,1330.0,267,two_one_two,defense,6,400
767,390.0,1,not_weakest,money,9,400
768,0.0,0,copycat,money,135,400
769,1868.96,207,random,money,3,400
770,1330.0,267,two_one_two,defense,3,400
771,1990.0,1,not_weakest,money,6,400
772,10.0,399,be_strongest,defense,2,400
773,1688.6,212,random,money,5,400
774,28.0,396,late_planner,defense,5,400
775,28.0,396,late_planner,defense,6,400
776,60.0,176,random,money,4,400
777,54.0,391,analyst,defense,6,400
778,1330.0,267,two_one_two,defense,1,400
779,54.0,391,analyst,defense,2,400
780,748.0,195,random,money,5,400
781,24.0,396,analyst,defense,3,400
782,30.0,1,not_weakest,money,11,400
783,973.1999999999999,198,random,money,6,400
784,1330.0,267,two_one_two,defense,4,400
785,54.0,391,analyst,defense,8,400
786,10.0,399,be_strongest,defense,8,400
787,852.75,208,random,money,4,400
788,20.0,0,copycat,money,132,400
789,320.0,1,not_weakest,money,8,400
790,19.599999999999998,396,late_planner,defense,11,400
791,1318.0,267,two_one_two,defense,4,400
792,10.0,399,be_strongest,defense,3,400
793,1330.0,267,two_one_two,defense,6,400
794,10.0,399,be_strongest,defense,5,400
795,0.0,0,copycat,money,140,400
796,0.0,0,copycat,money,139,400
797,28.0,396,late_planner,defense,7,400
798,28.0,396,late_planner,defense,2,400
799,1330.0,267,two_one_two,defense,8,400
800,54.0,391,analyst,defense,3,400
801,54.0,391,analyst,defense,3,400
802,28.0,396,late_planner,defense,10,400
803,1330.0,267,two_one_two,defense,7,400
804,1494.0,201,random,money,829,400
805,10.0,399,be_strongest,defense,7,400
806,54.0,391,analyst,defense,8,400
807,22.4,396,late_planner,defense,5,400
808,1025.7599999999998,201,random,defense,4,400
809,28.0,396,late_planner,defense,1,400
810,10.0,399,be_strongest,defense,5,400
811,28.0,396,late_planner,defense,9,400
812,10.0,399,be_strongest,defense,5,400
813,1970.0,203,random,defense,2,400
814,450.0,1,not_weakest,money,10,400
815,110.0,133,one_two_one,money,9,400
816,54.0,391,analyst,defense,5,400
817,10.0,399,be_strongest,defense,8,400
818,54.0,391,analyst,defense,11,400
819,270.0,1,not_weakest,money,10,400
820,28.0,396,late_planner,defense,3,400
821,1328.0,267,two_one_two,defense,6,400
822,28.0,396,late_planner,defense,5,400
823,10.0,399,be_strongest,defense,1,400
824,580.0,1,not_weakest,money,8,400
825,1330.0,267,two_one_two,defense,5,400
826,28.0,396,late_planner,defense,11,400
827,28.0,396,late_planner,defense,4,400
828,28.0,396,late_planner,defense,7,400
829,970.0,133,one_two_one,money,10,400
830,90.0,1,not_weakest,money,8,400
831,28.0,396,late_planner,defense,6,400
832,820.0,1,copycat,money,110,400
833,1330.0,267,two_one_two,defense,3,400
834,1560.0,195,random,defense,3,400
835,20.0,0,copycat,money,135,400
836,2080.0,192,random,defense,1,400
837,10.0,399,be_strongest,defense,3,400
838,480.0,190,random,money,6,400
839,1330.0,267,two_one_two,defense,2,400
840,420.0,194,random,money,6,400
841,660.0,133,one_two_one,money,8,400
842,150.0,1,not_weakest,money,8,400
843,0.0,0,copycat,money,135,400
844,20.0,0,copycat,money,134,400
845,0.0,0,copycat,money,140,400
846,28.0,396,late_planner,defense,6,400
847,1716.0,214,random,defense,4,400
848,10.0,399,be_strongest,defense,4,400
849,950.0,1,not_weakest,money,8,400
850,1330.0,267,two_one_two,defense,2,400
851,968.48,197,random,money,3,400
852,600.0,133,one_two_one,money,9,400
853,0.0,0,copycat,money,133,400
854,1330.0,194,random,defense,5,400
855,10.0,399,be_strongest,defense,6,400
856,28.0,396,late_planner,defense,3,400
857,20.0,0,copycat,money,131,400
858,780.0,1,not_weakest,money,7,400
859,540.0,1,not_weakest,money,12,400
860,700.0,133,one_two_one,money,6,400
861,130.0,1,not_weakest,money,11,400
862,10.0,399,be_strongest,defense,4,400
863,54.0,391,analyst,defense,3,400
864,580.0,189,random,money,6,400
865,1393.6,211,random,defense,4,400
866,54.0,391,analyst,defense,3,400
867,240.0,205,random,defense,7,400
868,28.0,397,analyst,defense,4,400
869,1330.0,267,two_one_two,defense,7,400
870,170.0,133,one_two_one,money,8,400
871,20.0,0,copycat,money,134,400
872,54.0,391,analyst,defense,7,400
873,10.0,399,be_strongest,defense,4,400
874,1330.0,267,two_one_two,defense,5,400
875,320.0,1,not_weakest,money,11,400
876,1328.0,267,two_one_two,defense,5,400
877,150.0,133,one_two_one,money,9,400
878,54.0,391,analyst,defense,3,400
879,170.0,133,one_two_one,money,9,400
880,150.0,133,one_two_one,money,7,400
881,28.0,396,late_planner,defense,5,400
882,10.0,399,be_strongest,defense,5,400
883,482.0,207,random,defense,7,400
884,28.0,396,late_planner,defense,5,400
885,300.0,1,copycat,money,112,400
886,20.0,0,copycat,money,133,400
887,1330.0,267,two_one_two,defense,4,400
888,10.0,399,be_strongest,defense,5,400
889,20.0,0,copycat,money,134,400
890,10.0,399,be_strongest,defense,8,400
891,1330.0,267,two_one_two,defense,7,400
892,54.0,391,analyst,defense,5,400
893,10.0,399,be_strongest,defense,5,400
894,0.0,0,copycat,money,136,400
895,1330.0,267,two_one_two,defense,9,400
896,10.0,399,be_strongest,defense,3,400
897,20.0,0,copycat,money,125,400
898,1330.0,267,two_one_two,defense,5,400
899,28.0,396,late_planner,defense,7,400
900,10.0,399,be_strongest,defense,5,400
901,0.0,180,random,money,3,400
902,21.0,393,analyst,defense,8,400
903,28.0,396,late_planner,defense,5,400
904,10.0,399,be_strongest,defense,2,400
905,300.0,186,random,money,3,400
906,1400.0,1,not_weakest,money,9,400
907,54.0,391,analyst,defense,6,400
908,1890.0,1,not_weakest,money,7,400
909,30.0,133,one_two_one,money,9,400
910,1330.0,267,two_one_two,defense,4,400
911,54.0,391,analyst,defense,7,400
912,54.0,391,analyst,defense,3,400
913,740.0,133,one_two_one,money,4,400
914,1960.0,204,random,money,3,400
915,28.0,396,late_planner,defense,6,400
916,1930.0,207,random,defense,7,400
917,54.0,391,analyst,defense,4,400
918,54.0,391,analyst,defense,5,400
919,1330.0,267,two_one_two,defense,2,400
920,10.0,399,be_strongest,defense,2,400
921,1330.0,267,two_one_two,defense,3,400
922,1372.1599999999999,187,random,money,6,400
923,10.0,399,be_strongest,defense,7,400
924,1925.0,205,random,defense,3,400
925,1200.0,1,not_weakest,money,10,400
926,28.0,396,late_planner,defense,5,400
927,480.0,133,one_two_one,money,5,400
928,54.0,391,analyst,defense,7,400
929,930.0,1,copycat,money,57,400
930,120.0,1,not_weakest,money,11,400
931,20.0,0,copycat,money,123,400
932,28.0,396,late_planner,defense,6,400
933,28.0,396,late_planner,defense,6,400
934,20.0,0,copycat,money,119,400
935,656.5999999999999,195,random,defense,5,400
936,1800.0,1,copycat,money,63,400
937,10.0,399,be_strongest,defense,5,400
938,20.0,0,copycat,money,122,400
939,310.0,1,not_weakest,money,10,400
940,0.0,0,copycat,money,122,400
941,54.0,391,analyst,defense,6,400
942,20.0,0,copycat,money,130,400
943,10.0,399,be_strongest,defense,7,400
944,1327.0,267,two_one_two,defense,6,400
945,1020.0,207,random,defense,7,400
946,630.0,201,random,defense,8,400
947,0.0,0,copycat,money,121,400
948,29.0,397,analyst,defense,4,400
949,200.0,133,one_two_one,money,6,400
950,2030.0,1,not_weakest,money,6,400
951,1330.0,267,two_one_two,defense,5,400
952,60.0,390,analyst,defense,7,400
953,1649.632,205,random,money,8,400
954,28.0,396,late_planner,defense,12,400
955,310.0,1,not_weakest,money,10,400
956,950.0,1,copycat,money,35,400
957,28.0,396,late_planner,defense,5,400
958,10.0,399,be_strongest,defense,2,400
959,140.0,1,not_weakest,money,11,400
960,1140.0,199,random,defense,4,400
961,60.0,390,analyst,defense,5,400
962,10.0,399,be_strongest,defense,7,400
963,1330.0,267,two_one_two,defense,9,400
964,10.0,399,be_strongest,defense,5,400
965,30.0,395,analyst,defense,5,400
966,10.0,399,be_strongest,defense,9,400
967,10.0,399,be_strongest,defense,5,400
968,10.0,399,be_strongest,defense,4,400
969,1330.0,267,two_one_two,defense,2,400
970,100.0,133,one_two_one,money,7,400
971,918.0999999999999,192,random,money,3,400
972,0.0,0,copycat,money,117,400
973,10.0,399,be_strongest,defense,4,400
974,530.0,133,one_two_one,money,8,400
975,200.47999999999996,197,random,money,10,400
976,1270.0,210,random,defense,6,400
977,1560.0,1,copycat,money,50,400
978,1840.0,216,random,defense,5,400
979,398.43359999999996,202,random,defense,8,400
980,20.0,1,not_weakest,money,10,400
981,28.0,397,analyst,defense,8,400
982,70.0,133,one_two_one,money,10,400
983,0.0,0,copycat,money,118,400
984,1326.0,267,two_one_two,defense,8,400
985,1330.0,267,two_one_two,defense,1,400
986,180.0,133,one_two_one,money,9,400
987,1330.0,267,two_one_two,defense,3,400
988,28.0,396,late_planner,defense,9,400
989,28.0,396,late_planner,defense,8,400
990,510.0,1,not_weakest,money,13,400
991,0.0,0,copycat,money,121,400
992,240.0,133,one_two_one,money,7,400
993,30.0,133,one_two_one,money,7,400
994,28.0,396,late_planner,defense,9,400
995,1020.0,1,not_weakest,money,10,400
996,23.999999999999993,390,analyst,defense,7,400
997,220.0,1,not_weakest,money,10,400
998,1330.0,267,two_one_two,defense,2,400
999,0.0,0,copycat,money,117,400
1000,60.0,390,analyst,defense,5,400
1001,120.0,192,random,defense,8,400
1002,260.0,211,random,money,5,400
1003,1330.0,267,two_one_two,defense,3,400
1004,230.0,133,one_two_one,money,6,400
1005,60.0,390,analyst,defense,4,400
1006,10.0,399,be_strongest,defense,8,400
1007,60.0,390,analyst,defense,5,400
1008,60.0,390,analyst,defense,6,400
1009,450.0,133,one_two_one,money,10,400
1010,0.0,0,copycat,money,115,400
1011,28.0,396,late_planner,defense,6,400
1012,60.0,390,analyst,defense,5,400
1013,110.0,1,copycat,money,113,400
1014,60.0,390,analyst,defense,4,400
1015,20.0,0,copycat,money,116,400
1016,240.0,1,not_weakest,money,8,400
1017,1330.0,267,two_one_two,defense,4,400
1018,1200.0,1,not_weakest,money,8,400
1019,10.0,399,be_strongest,defense,5,400
1020,20.0,0,copycat,money,111,400
1021,460.0,1,not_weakest,money,7,400
1022,1330.0,267,two_one_two,defense,2,400
1023,310.0,133,one_two_one,money,8,400
1024,190.0,133,one_two_one,money,5,400
1025,1330.0,267,two_one_two,defense,6,400
1026,10.0,399,be_strongest,defense,5,400
1027,1780.0,1,not_weakest,money,7,400
1028,20.0,0,copycat,money,112,400
1029,1328.0,267,two_one_two,defense,6,400
1030,20.0,0,copycat,money,113,400
1031,1329.0,267,two_one_two,defense,6,400
1032,10.0,399,be_strongest,defense,6,400
1033,60.0,390,analyst,defense,10,400
1034,35.0,395,late_planner,defense,5,400
1035,10.0,399,be_strongest,defense,4,400
1036,20.0,0,copycat,money,112,400
1037,60.0,390,analyst,defense,3,400
1038,48.0,390,analyst,defense,5,400
1039,1330.0,267,two_one_two,defense,2,400
1040,20.0,0,copycat,money,110,400
1041,916.8,187,random,defense,7,400
1042,60.0,390,analyst,defense,3,400
1043,35.0,395,late_planner,defense,8,400
1044,10.0,399,be_strongest,defense,3,400
1045,60.0,390,analyst,defense,8,400
1046,657.0,206,random,defense,10,400
1047,200.0,1,not_weakest,money,8,400
1048,35.0,395,late_planner,defense,5,400
1049,90.0,133,one_two_one,money,9,400
1050,35.0,395,late_planner,defense,4,400
1051,24.5,395,late_planner,defense,6,400
1052,1317.0,267,two_one_two,defense,6,400
1053,481.8,199,random,defense,7,400
1054,60.0,390,analyst,defense,6,400
1055,10.0,399,be_strongest,defense,3,400
1056,390.0,195,random,money,10,400
1057,10.0,399,be_strongest,defense,6,400
1058,10.0,399,be_strongest,defense,4,400
1059,35.0,395,late_planner,defense,7,400
1060,20.0,0,copycat,money,110,400
1061,230.0,133,one_two_one,money,8,400
1062,10.0,399,be_strongest,defense,7,400
1063,20.0,0,copycat,money,108,400
1064,770.0,1,not_weakest,money,13,400
1065,740.0,185,random,defense,8,400
1066,10.0,399,be_strongest,defense,2,400
1067,35.0,395,late_planner,defense,8,400
1068,35.0,395,late_planner,defense,4,400
1069,1090.0,1,not_weakest,money,9,400
1070,390.0,133,one_two_one,money,11,400
1071,220.0,1,not_weakest,money,14,400
1072,1564.0,210,random,defense,4,400
1073,220.0,133,one_two_one,money,8,400
1074,10.0,399,be_strongest,defense,4,400
1075,60.0,390,analyst,defense,8,400
1076,60.0,390,analyst,defense,10,400
1077,10.0,399,be_strongest,defense,3,400
1078,42.0,390,analyst,defense,6,400
1079,950.0,1,not_weakest,money,9,400
1080,35.0,395,late_planner,defense,5,400
1081,1690.0,1,not_weakest,money,8,400
1082,35.0,395,late_planner,defense,5,400
1083,910.0,133,one_two_one,money,5,400
1084,530.0,133,one_two_one,money,8,400
1085,1154.0,195,random,money,9,400
1086,1530.8,213,random,money,6,400
1087,940.0,133,one_two_one,money,6,400
1088,20.0,0,copycat,money,109,400
1089,1210.0,133,one_two_one,money,7,400
1090,1330.0,267,two_one_two,defense,9,400
1091,10.0,0,copycat,money,109,400
1092,1330.0,267,two_one_two,defense,3,400
1093,60.0,390,analyst,defense,11,400
1094,770.0,1,not_weakest,money,7,400
1095,2080.0,1,not_weakest,money,5,400
1096,1330.0,267,two_one_two,defense,1,400
1097,1372.0,205,random,defense,5,400
1098,1330.0,267,two_one_two,defense,7,400
1099,60.0,390,analyst,defense,7,400
1100,60.0,390,analyst,defense,7,400
1101,10.0,399,be_strongest,defense,10,400
1102,0.0,0,copycat,money,110,400
1103,1640.0,133,one_two_one,money,5,400
1104,31.5,395,late_planner,defense,7,400
1105,30.0,395,late_planner,defense,6,400
1106,1330.0,267,two_one_two,defense,8,400
1107,0.0,0,copycat,money,107,400
1108,30.0,395,late_planner,defense,8,400
1109,30.0,0,copycat,money,103,400
1110,1278.0,267,two_one_two,defense,7,400
1111,10.0,399,be_strongest,defense,3,400
1112,310.0,197,random,defense,7,400
1113,60.0,390,analyst,defense,3,400
1114,1575.6,191,random,money,3,400
1115,90.0,133,one_two_one,money,11,400
1116,10.0,399,be_strongest,defense,7,400
1117,30.0,395,late_planner,defense,9,400
1118,10.0,399,be_strongest,defense,7,400
1119,1330.0,267,two_one_two,defense,9,400
1120,40.0,1,not_weakest,money,8,400
1121,60.0,390,analyst,defense,3,400
1122,1204.0,204,random,defense,4,400
1123,1770.0,1,not_weakest,money,6,400
1124,980.0,1,not_weakest,money,7,400
1125,800.0,197,random,defense,8,400
1126,60.0,390,analyst,defense,4,400
1127,1330.0,267,two_one_two,defense,3,400
1128,1417.0,212,random,money,6,400
1129,420.0,1,not_weakest,money,12,400
1130,1330.0,267,two_one_two,defense,5,400
1131,60.0,390,analyst,defense,10,400
1132,30.0,0,copycat,money,104,400
1133,960.0,133,one_two_one,money,6,400
1134,1550.0,1,not_weakest,money,7,400
1135,190.0,133,one_two_one,money,6,400
1136,10.0,399,be_strongest,defense,3,400
1137,1030.0,194,random,money,5,400
1138,30.0,0,copycat,money,105,400
1139,10.0,0,copycat,money,103,400
1140,35.0,395,late_planner,defense,7,400
1141,390.0,133,one_two_one,money,6,400
1142,10.0,399,be_strongest,defense,6,400
1143,30.0,395,late_planner,defense,4,400
1144,60.0,390,analyst,defense,4,400
1145,10.0,399,be_strongest,defense,5,400
1146,10.0,0,copycat,money,102,400
1147,1330.0,267,two_one_two,defense,5,400
1148,30.0,0,copycat,money,103,400
1149,10.0,399,be_strongest,defense,5,400
1150,1020.0,1,not_weakest,money,6,400
1151,35.0,395,late_planner,defense,4,400
1152,1330.0,267,two_one_two,defense,5,400
1153,210.0,198,random,defense,6,400
1154,1330.0,267,two_one_two,defense,5,400
1155,670.0,1,not_weakest,money,6,400
1156,1327.0,267,two_one_two,defense,5,400
1157,1330.0,267,two_one_two,defense,6,400
1158,410.0,133,one_two_one,money,4,400
1159,130.0,133,one_two_one,money,6,400
1160,10.0,399,be_strongest,defense,2,400
1161,1640.0,1,not_weakest,money,8,400
1162,1330.0,267,two_one_two,defense,10,400
1163,1885.0,196,random,defense,4,400
1164,60.0,390,analyst,defense,3,400
1165,590.0,133,one_two_one,money,10,400
1166,10.0,0,copycat,money,102,400
1167,28.0,397,analyst,defense,8,400
1168,30.0,395,late_planner,defense,5,400
1169,1604.4,191,random,money,4,400
1170,140.0,186,random,defense,5,400
1171,1330.0,267,two_one_two,defense,5,400
1172,230.0,192,random,money,6,400
1173,560.0,207,random,defense,4,400
1174,1330.0,267,two_one_two,defense,4,400
1175,1841.728,133,one_two_one,money,5,400
1176,1114.0,203,random,money,8,400
1177,620.0,133,one_two_one,money,10,400
1178,10.0,1,not_weakest,money,8,400
1179,30.0,395,late_planner,defense,10,400
1180,120.0,199,random,defense,6,400
1181,60.0,390,analyst,defense,5,400
1182,35.0,395,late_planner,defense,7,400
1183,35.0,395,late_planner,defense,3,400
1184,1330.0,267,two_one_two,defense,5,400
1185,310.0,180,random,defense,5,400
1186,1655.0,206,random,money,2,400
1187,60.0,133,one_two_one,money,9,400
1188,720.0,1,not_weakest,money,10,400
1189,350.0,190,random,defense,6,400
1190,1360.0,133,one_two_one,money,5,400
1191,35.0,395,late_planner,defense,4,400
1192,1330.0,267,two_one_two,defense,5,400
1193,10.0,0,copycat,money,103,400
1194,1190.0,1,not_weakest,money,11,400
1195,30.0,395,late_planner,defense,6,400
1196,140.0,178,random,money,11,400
1197,850.0,1,not_weakest,money,8,400
1198,180.0,1,not_weakest,money,9,400
1199,730.0,133,one_two_one,money,6,400
